{"stat.pickup.minecraft.log":2,"stat.flyOneCm":100995,"stat.killEntity.Skeleton":1,"stat.deaths":4,"stat.walkOneCm":12429,"stat.jump":318,"stat.swimOneCm":2081,"stat.playOneMinute":13226,"stat.fallOneCm":9076,"stat.leaveGame":3,"stat.sneakTime":2241,"stat.damageTaken":753,"stat.pickup.minecraft.stone":1,"stat.crouchOneCm":10784,"stat.timeSinceDeath":162,"stat.pickup.minecraft.dirt":26,"stat.killEntity.Cow":1,"stat.sprintOneCm":17423,"stat.pickup.minecraft.cobblestone":18,"stat.mobKills":2,"stat.diveOneCm":274}